Date,consumer_sentiment,unemployment_rate,gdp_yoy_growth,cpi_yoy,consumer_sentiment_zscore,unemployment_rate_zscore,gdp_yoy_growth_zscore,cpi_yoy_zscore,maximalism_score,minimalism_score,fashion_index,consumer_sentiment_zscore_lag-11,unemployment_rate_zscore_lag-6,gdp_yoy_growth_zscore_lag12,cpi_yoy_zscore_lag1
2005-01-01,95.5,5.3,,,1.2235116819254863,-0.2100169216025136,,,-0.8296435888522581,-0.8487076440311947,0.0190640551789366,0.9260227716375032,-0.3519050294948286,,
2005-02-01,94.1,5.4,,,1.119390563324692,-0.1627208856384082,,,-0.8174094092671768,-0.8487076440311947,0.0312982347640179,0.9037111033659048,-0.3992010654589336,,
2005-03-01,92.6,5.2,,,1.0078322219666982,-0.2573129575666185,,,-0.8051752296820954,-0.8487076440311947,0.0435324143490992,0.5690360792919238,-0.3519050294948286,,
2005-04-01,87.7,5.2,,,0.6434083068639196,-0.2573129575666185,,,-0.8051752296820954,-0.8487076440311947,0.0435324143490992,0.7326549799503147,-0.3519050294948286,,
2005-05-01,86.9,5.1,,,0.5839105248063232,-0.3046089935307238,,,-0.7807068705119329,-0.8487076440311947,0.0680007735192618,0.6210966385923211,-0.3519050294948286,,
2005-06-01,96.0,5.0,,,1.2606977957114842,-0.3519050294948286,,,-0.7929410500970141,-0.8487076440311947,0.0557665939341806,0.0038071497447554,-0.3992010654589336,,
2005-07-01,96.5,5.0,,,1.297883909497482,-0.3519050294948286,,,-0.7807068705119329,-0.8487076440311947,0.0680007735192618,0.4351660696623317,-0.4937931373871437,,
2005-08-01,89.1,4.9,,,0.747529425464713,-0.3992010654589336,,,-0.7807068705119329,-0.8487076440311947,0.0680007735192618,0.4202916241479323,-0.4464971014230389,,
2005-09-01,76.9,5.0,,,-0.1598117509136344,-0.3519050294948286,,,-0.7929410500970141,-0.8487076440311947,0.0557665939341806,0.2194866097035435,-0.4937931373871437,,
2005-10-01,74.2,5.0,,,-0.3606167653580232,-0.3519050294948286,,,-0.7317701521716076,-0.8487076440311947,0.1169374918595871,0.4723521834483296,-0.4937931373871437,,
2005-11-01,81.6,5.0,,,0.1897377186747448,-0.3519050294948286,,,-0.8296435888522581,-0.8487076440311947,0.0190640551789366,1.082204449538694,-0.5410891733512491,,
2005-12-01,91.5,4.9,,,0.9260227716375032,-0.3992010654589336,,,-0.8174094092671768,-0.8487076440311947,0.0312982347640179,0.9706461081807004,-0.5410891733512491,,
2006-01-01,91.2,4.7,6.515668247738793,4.018789144050117,0.9037111033659048,-0.4937931373871437,0.6777688197615204,0.7625908766970273,-0.8296435888522581,-0.8487076440311947,0.0190640551789366,0.9408972171519028,-0.4937931373871437,,
2006-02-01,86.7,4.8,6.486468551503499,3.63825363825363,0.5690360792919238,-0.4464971014230389,0.6683145026315689,0.5646264378358571,0.6299152772491408,-0.8487076440311947,1.4786229212803357,1.3276328005262807,-0.4937931373871437,,0.7625908766970273
2006-03-01,88.9,4.7,6.457503843693724,3.4179181771103018,0.7326549799503147,-0.4937931373871437,0.6589362703717756,0.4500022168051295,-0.8418777684373394,-0.8487076440311947,0.0068298755938552,0.911148326123104,-0.588385209315354,,0.5646264378358571
2006-04-01,87.4,4.7,6.428771299027081,3.613835828600931,0.6210966385923211,-0.4937931373871437,0.6496332082083892,0.5519236600070238,-0.8051752296820954,-0.8487076440311947,0.0435324143490992,0.6954688661643168,-0.6356812452794589,,0.4500022168051295
2006-05-01,79.1,4.6,6.127743969329602,3.9772727272727297,0.0038071497447554,-0.5410891733512491,0.5521661723594877,0.7409929600094386,-0.8541119480224207,-0.8487076440311947,-0.005404303991226,0.5987849703207215,-0.588385209315354,,0.5519236600070238
2006-06-01,84.9,4.6,5.830094618590009,4.1817243159525175,0.4351660696623317,-0.5410891733512491,0.4557928631051647,0.8473539786548707,-0.8174094092671768,-0.7858977587163961,-0.0315116505507806,0.6880316434071166,-0.6356812452794589,,0.7409929600094386
2006-07-01,84.7,4.7,5.5357667050506265,4.104669061056954,0.4202916241479323,-0.4937931373871437,0.3604949732786661,0.8072678367197662,-0.8051752296820954,-0.8487076440311947,0.0435324143490992,0.4649149606911293,-0.5410891733512491,,0.8473539786548707
2006-08-01,82.0,4.7,5.4796163989799584,3.926568077511483,0.2194866097035435,-0.4937931373871437,0.3423145512544713,0.7146150862375086,-0.8051752296820954,-0.8487076440311947,0.0435324143490992,0.8442133213083084,-0.588385209315354,,0.8072678367197662
2006-09-01,85.4,4.5,5.423978507729754,2.012072434607637,0.4723521834483296,-0.588385209315354,0.324300039593717,-0.2813551974193039,-0.8174094092671768,-0.8487076440311947,0.0312982347640179,0.323607728304338,-0.6356812452794589,,0.7146150862375086
2006-10-01,93.6,4.4,5.368846048889675,1.4063284781516971,1.082204449538694,-0.6356812452794589,0.3064491775221425,-0.5964789128328064,-0.7807068705119329,-0.8487076440311947,0.0680007735192618,0.323607728304338,-0.588385209315354,,-0.2813551974193039
2006-11-01,92.1,4.5,5.086525973445144,1.9687026754164672,0.9706461081807004,-0.588385209315354,0.2150392017506066,-0.3039172708948226,-0.8174094092671768,-0.8487076440311947,0.0312982347640179,0.1376771593743486,-0.6356812452794589,,-0.5964789128328064
2006-12-01,91.7,4.4,4.808037130164933,2.5239777889954462,0.9408972171519028,-0.6356812452794589,0.1248697075097027,-0.0150487563966674,-0.8051752296820954,-0.8487076440311947,0.0435324143490992,-0.2193095329712318,-0.5410891733512491,,-0.3039172708948226
2007-01-01,96.9,4.6,4.533302056891753,2.075765178123423,1.3276328005262807,-0.5410891733512491,0.0359156139974022,-0.2482205804451537,-0.8663461276075021,-0.8487076440311947,-0.0176384835763073,-0.2639328695144289,-0.4937931373871437,0.6777688197615204,-0.0150487563966674
2007-02-01,91.3,4.5,4.5947737903421215,2.420260782347028,0.911148326123104,-0.588385209315354,0.0558190149740592,-0.069005033035135,-0.8785803071925834,-0.8487076440311947,-0.0298726631613887,-0.0482534095556407,-0.5410891733512491,0.6683145026315689,-0.2482205804451537
2007-03-01,88.4,4.4,4.6557841374428754,2.798197295943927,0.6954688661643168,-0.6356812452794589,0.075573027654566,0.1276073426819695,-0.8785803071925834,-0.8487076440311947,-0.0298726631613887,-0.6134823391028091,-0.4937931373871437,0.6589362703717756,-0.069005033035135
2007-04-01,87.1,4.5,4.716338273291076,2.5929247633283525,0.5987849703207215,-0.588385209315354,0.0951793276388471,0.0208192477109148,-0.8418777684373394,-0.8487076440311947,0.0068298755938552,-0.7101662349464034,-0.4937931373871437,0.6496332082083892,0.1276073426819695
2007-05-01,88.3,4.4,4.8124399244063865,2.709885742672613,0.6880316434071166,-0.6356812452794589,0.1262952501825171,0.0816653824127906,-0.8663461276075021,-0.8487076440311947,-0.0176384835763073,-1.2233346051931742,-0.4937931373871437,0.5521661723594877,0.0208192477109148
2007-06-01,85.3,4.6,4.908000713359595,2.692765113974227,0.4649149606911293,-0.5410891733512491,0.1572360516440054,0.0727587873602936,-0.8174094092671768,-0.8487076440311947,0.0312982347640179,-1.4315768423947626,-0.3519050294948286,0.4557928631051647,0.0816653824127906
2007-07-01,90.4,4.7,5.003025193313881,2.3178905864958077,0.8442133213083084,-0.4937931373871437,0.188003206252643,-0.1222606637689282,-0.8541119480224207,-0.8487076440311947,-0.005404303991226,-1.684442416139548,-0.3519050294948286,0.3604949732786661,0.0727587873602936
2007-08-01,83.4,4.6,4.938628915084986,1.897448478900876,0.323607728304338,-0.5410891733512491,0.1671528922131196,-0.3409855518169619,-0.8296435888522581,-0.8487076440311947,0.0190640551789366,-1.327455723793968,-0.3992010654589336,0.3423145512544713,-0.1222606637689282
2007-09-01,83.4,4.7,4.874752641926783,2.8338264299802685,0.323607728304338,-0.4937931373871437,0.146470946118519,0.1461425422078341,-0.7562385113417702,-0.8487076440311947,0.0924691326894244,-1.193585714164376,-0.3046089935307238,0.324300039593717,-0.3409855518169619
2007-10-01,80.9,4.7,4.811390100544477,3.610698365527476,0.1376771593743486,-0.4937931373871437,0.12595533679297,0.5502914703497561,-0.7929410500970141,-0.8487076440311947,0.0557665939341806,-0.650668452888807,-0.3519050294948286,0.3064491775221425,0.1461425422078341
2007-11-01,76.1,4.7,4.354871669597182,4.373267326732666,-0.2193095329712318,-0.4937931373871437,-0.0218568180686518,0.9469996203079531,-0.5625560072788598,-0.8487076440311947,0.2861516367523349,-1.595195743053153,-0.1627208856384082,0.2150392017506066,0.5502914703497561
2007-12-01,75.5,5.0,3.902138835797597,4.108813392417532,-0.2639328695144289,-0.3519050294948286,-0.1684432671670258,0.8094238253719537,-0.8418777684373394,-0.8487076440311947,0.0068298755938552,-1.7662518664687434,-0.0681288137101985,0.1248697075097027,0.9469996203079531
2008-01-01,78.4,5.0,3.453144706492872,4.294695655165981,-0.0482534095556407,-0.3519050294948286,-0.3138191934686984,0.9061245990940284,-0.8541119480224207,-0.839482917002502,-0.0146290310199187,-1.4092651741231634,0.0264632582180117,0.0359156139974022,0.8094238253719537
2008-02-01,70.8,4.9,3.3744543741862643,4.142959270611968,-0.6134823391028091,-0.3992010654589336,-0.3392976556654627,0.8271873967423438,-0.8541119480224207,-0.8487076440311947,-0.005404303991226,-1.327455723793968,0.1683513661103267,0.0558190149740592,0.9061245990940284
2008-03-01,69.5,5.1,3.2964460679340446,3.9749035501344343,-0.7101662349464034,-0.3046089935307238,-0.3645552905441236,0.7397604526202435,-0.6450868841823698,-0.8487076440311947,0.2036207598488248,-1.6918796388967476,0.1683513661103267,0.075573027654566,0.8271873967423438
2008-04-01,62.6,5.0,3.2191109590960387,3.903760975988813,-1.2233346051931742,-0.3519050294948286,-0.3895949566537345,0.7027502405497585,-0.6683118912757088,-0.8487076440311947,0.1803957527554859,-1.6175074113247518,0.3575355099667472,0.0951793276388471,0.7397604526202435
2008-05-01,59.8,5.4,2.9102375535705383,4.088413823123993,-1.4315768423947626,-0.1627208856384082,-0.4896024055434437,0.7988114403863467,-0.8418777684373394,-0.8487076440311947,0.0068298755938552,-1.0374040362631851,0.4994236178590623,0.1262952501825171,0.7027502405497585
2008-06-01,56.4,5.6,2.6036636168687677,4.935966105947864,-1.684442416139548,-0.0681288137101985,-0.5888653293081381,1.2397301181942053,-0.8418777684373394,-0.8487076440311947,0.0068298755938552,-0.7696640170039999,0.7359037976795876,0.1572360516440054,0.7988114403863467
2008-07-01,61.2,5.8,2.299363565947732,5.497512078341837,-1.327455723793968,0.0264632582180117,-0.6873920112600711,1.5318608960753517,-0.8418777684373394,-0.839482917002502,-0.0023948514348374,-0.6134823391028091,0.9723839775001129,0.188003206252643,1.2397301181942053
2008-08-01,63.0,6.1,1.2839250300821226,5.308017162091239,-1.193585714164376,0.1683513661103267,-1.0161720734458943,1.4332807263114908,-0.6090060214655377,-0.8487076440311947,0.2397016225656569,-0.9704690314483886,1.208864157320639,0.1671528922131196,1.5318608960753517
2008-09-01,70.3,6.1,0.2754542851105102,4.953319875136075,-0.650668452888807,0.1683513661103267,-1.3426960948744373,1.2487579989757367,-0.548456799578543,-0.839482917002502,0.291026117423959,-0.9927806997199872,1.398048301177058,0.146470946118519,1.4332807263114908
2008-10-01,57.6,6.5,-0.7261201416943086,3.7310578899565128,-1.595195743053153,0.3575355099667472,-1.6669872170819564,0.6129056163420473,-0.5729251587487056,-0.8487076440311947,0.275782485282489,-0.4126773246584204,1.5399364090693737,0.12595533679297,1.2487579989757367
2008-11-01,55.3,6.8,-1.1086794209638096,1.0999174706166848,-1.7662518664687434,0.4994236178590623,-1.790852777808161,-0.7558818653656909,-0.8418777684373394,-0.8487076440311947,0.0068298755938552,-0.6283567846172086,1.729120552925794,-0.0218568180686518,0.6129056163420473
2008-12-01,60.1,7.3,-1.4913864248146114,-0.022228002553859,-1.4092651741231634,0.7359037976795876,-1.9147661689990485,-1.33965104204697,-0.8418777684373394,-0.8487076440311947,0.0068298755938552,-0.8663479128475942,1.7764165888898988,-0.1684432671670258,-0.7558818653656909
2009-01-01,61.2,7.8,-1.8742412388286112,-0.1135860190221271,-1.327455723793968,0.9723839775001129,-2.0387274183644397,-1.387177851477685,-0.598636869995692,-0.8487076440311947,0.2500707740355027,-0.4870495522304162,1.7764165888898988,-0.3138191934686984,-1.33965104204697
2009-02-01,56.3,8.3,-2.339127388274531,0.0084631406715107,-1.6918796388967476,1.208864157320639,-2.1892488844361058,-1.3236847134020224,-0.8663461276075021,-0.8487076440311947,-0.0176384835763073,-0.3457423198436238,1.823712624854004,-0.3392976556654627,-1.387177851477685
2009-03-01,57.3,8.7,-2.8006833800126474,-0.4464787676623838,-1.6175074113247518,1.398048301177058,-2.338692107542207,-1.5603572925066789,-0.5631776833172715,-0.839482917002502,0.2763052336852305,-0.4052401019012212,1.9183046967822144,-0.3645552905441236,-1.3236847134020224
2009-04-01,65.1,9.0,-3.2589448691319634,-0.5763244243767063,-1.0374040362631851,1.5399364090693737,-2.4870686321356734,-1.6279063705255854,-0.8296435888522581,-0.839482917002502,0.0098393281502439,-0.4052401019012212,2.012896768710424,-0.3895949566537345,-1.5603572925066789
2009-05-01,68.7,9.4,-3.179552431088395,-1.015761495855172,-0.7696640170039999,1.729120552925794,-2.461362841194031,-1.8565129313981337,-0.0882892776932909,-0.8123125084552953,0.7240232307620045,-0.5093612205020147,1.9656007327463192,-0.4896024055434437,-1.6279063705255854
2009-06-01,70.8,9.5,-3.1002783714801474,-1.2291746182109151,-0.6134823391028091,1.7764165888898988,-2.4356953789822446,-1.9675359722687529,-0.6322310285588767,-0.8302581899738092,0.1980271614149324,-0.4052401019012212,1.9656007327463192,-0.5888653293081381,-1.8565129313981337
2009-07-01,66.0,9.5,-3.021122425741485,-1.9587610037622771,-0.9704690314483886,1.7764165888898988,-2.410066159838862,-2.3470857310070827,-0.5741685108255293,-0.8035915539654741,0.2294230431399447,-0.226746755728431,1.9183046967822144,-0.6873920112600711,-1.9675359722687529
2009-08-01,65.7,9.6,-1.9303472597873572,-1.4838355663267633,-0.9927806997199872,1.823712624854004,-2.0568935016952157,-2.100017201814174,-0.607762669388714,-0.839482917002502,0.2317202476137879,-0.8365990218187964,1.9183046967822144,-1.0161720734458943,-2.3470857310070827
2009-09-01,73.5,9.8,-0.8251922451509519,-1.377942862886472,-0.4126773246584204,1.9183046967822144,-1.6990649167012533,-2.044929071280408,-0.5613126552020361,-0.839482917002502,0.2781702618004659,-0.7547895714896005,1.9656007327463192,-1.3426960948744373,-2.100017201814174
2009-10-01,70.6,10.0,0.2946288624430249,-0.2239682942003384,-0.6283567846172086,2.012896768710424,-1.3364877242984703,-1.4446015736613391,-0.3535282882098715,-0.839482917002502,0.4859546287926305,-0.8068501307899977,1.9656007327463192,-1.6669872170819564,-2.044929071280408
2009-11-01,67.4,9.9,0.9617726815758676,1.9145871744709275,-0.8663479128475942,1.9656007327463192,-1.120478996449271,-0.3320695579092813,-0.7929410500970141,-0.839482917002502,0.0465418669054878,-0.8440362445759956,1.823712624854004,-1.790852777808161,-1.4446015736613391
2009-12-01,72.5,9.9,1.6343588395062003,2.814123123208367,-0.4870495522304162,1.9656007327463192,-0.9027081407852654,0.1358923710427421,-0.5666641929039857,-0.8487076440311947,0.2820434511272089,-0.5539845570452128,1.729120552925794,-1.9147661689990485,-0.3320695579092813
2010-01-01,74.4,9.8,2.3124542041793372,2.6211113889767157,-0.3457423198436238,1.9183046967822144,-0.6831535067127028,0.0354826613605528,-0.6450868841823698,-0.839482917002502,0.1943960328201321,-0.3383050970864246,1.729120552925794,-2.0387274183644397,0.1358923710427421
2010-02-01,73.6,9.8,2.9285013264562343,2.151336357866529,-0.4052401019012212,1.9183046967822144,-0.4836889364628281,-0.2089064928921213,-0.4947460141140783,-0.839482917002502,0.3447369028884237,-0.3606167653580232,1.7764165888898988,-2.1892488844361058,0.0354826613605528
2010-03-01,73.6,9.9,3.545965175121535,2.2861714393279886,-0.4052401019012212,1.9656007327463192,-0.2837656566272644,-0.1387617867248249,0.5168204178158378,-0.839482917002502,1.3563033348183398,-0.1151884143704373,1.7764165888898988,-2.338692107542207,-0.2089064928921213
2010-04-01,72.2,9.9,4.16485064287937,2.2067707525304403,-0.5093612205020147,1.9656007327463192,-0.0833820830396523,-0.1800680831613907,0.0124400126886791,-0.839482917002502,0.8519229296911811,-0.858910690090395,1.729120552925794,-2.4870686321356734,-0.1387617867248249
2010-05-01,73.6,9.6,4.375329224814384,2.003548929218568,-0.4052401019012212,1.823712624854004,-0.0152330431783795,-0.2857893459698982,-0.8296435888522581,-0.839482917002502,0.0098393281502439,-0.6878545666748049,1.9183046967822144,-2.461362841194031,-0.1800680831613907
2010-06-01,76.0,9.4,4.585149841724623,1.1215605940686268,-0.226746755728431,1.729120552925794,0.0527029598774923,-0.7446225512567516,-0.5393310001855207,-0.8302581899738092,0.2909271897882884,-0.353179542600824,1.6818245169616892,-2.4356953789822446,-0.2857893459698982
2010-07-01,67.8,9.4,4.794315574035424,1.3407784804821077,-0.8365990218187964,1.729120552925794,0.1204269235122444,-0.6305797215834917,-0.6554560356522158,-0.8302581899738092,0.1748021543215934,-0.5614217798024119,1.5872324450334785,-2.410066159838862,-0.7446225512567516
2010-08-01,68.9,9.5,4.692815885402513,1.1501775395112546,-0.7547895714896005,1.7764165888898988,0.0875632170820732,-0.7297352740902937,-0.6316093525204648,-0.8123125084552953,0.1807031559348305,-1.1415251548639789,1.5399364090693737,-2.0568935016952157,-0.6305797215834917
2010-09-01,68.2,9.5,4.592255147151936,1.1183122472331777,-0.8068501307899977,1.7764165888898988,0.0550035252763127,-0.7463124255226502,-0.6206185250122072,-0.839482917002502,0.2188643919902948,-1.7290657526827455,1.5399364090693737,-1.6990649167012533,-0.7297352740902937
2010-10-01,67.7,9.4,4.492620390247959,1.1666951489314623,-0.8440362445759956,1.729120552925794,0.0227436489630364,-0.7211423853049087,-0.5264724893330902,-0.839482917002502,0.3130104276694118,-1.453888510666361,1.5872324450334785,-1.3364877242984703,-0.7463124255226502
2010-11-01,71.6,9.8,4.319067182715952,1.084544776600338,-0.5539845570452128,1.9183046967822144,-0.0334496432447295,-0.7638791394659378,-0.585159338333787,-0.782901803722182,0.197742465388395,-1.3572046148227668,1.5399364090693737,-1.120478996449271,-0.7211423853049087
2010-12-01,74.5,9.3,4.146404602450016,1.437793022217937,-0.3383050970864246,1.6818245169616892,-0.0893545669520098,-0.5801102410131866,-0.1221636987784831,-0.839482917002502,0.7173192182240188,-1.1415251548639789,1.5872324450334785,-0.9027081407852654,-0.7638791394659378
2011-01-01,74.2,9.1,3.974625811315025,1.7007834915029774,-0.3606167653580232,1.5872324450334785,-0.1449733362194415,-0.4432957785391055,-0.6438435321055461,-0.8210334629451165,0.1771899308395703,-0.6804173439176047,1.5399364090693737,-0.6831535067127028,-0.5801102410131866
2011-02-01,77.5,9.0,3.934048737061535,2.124898173333145,-0.1151884143704373,1.5399364090693737,-0.1581114361882481,-0.2226603221299598,-0.6208567611980891,-0.7754136003405245,0.1545568391424354,-0.3011189833004267,1.5399364090693737,-0.4836889364628281,-0.4432957785391055
2011-03-01,67.5,9.0,3.8938628412621856,2.619241510354109,-0.858910690090395,1.5399364090693737,-0.1711228798682345,0.034509902007945,-0.5456849985494745,-0.7659369870423959,0.2202519884929213,-0.2788073150288283,1.5399364090693737,-0.2837656566272644,-0.2226603221299598
2011-04-01,69.8,9.1,3.854062494388444,3.07723444478687,-0.6878545666748049,1.5872324450334785,-0.1840094899957607,0.2727697040140455,-0.7135185533855631,-0.7477394192544463,0.0342208658688831,-0.2118723102140316,1.4453443371411638,-0.0833820830396523,0.034509902007945
2011-05-01,74.3,9.0,3.682243044115596,3.4589718808965,-0.353179542600824,1.5399364090693737,-0.2396414239338255,0.4713594181947782,-0.5505600638796604,-0.7200652381683682,0.1695051742887078,-0.1969978646996323,1.350752265212953,-0.0152330431783795,0.2727697040140455
2011-06-01,71.5,9.1,3.511649045773324,3.5023181506360412,-0.5614217798024119,1.5872324450334785,-0.294876579388792,0.4939092718483883,-0.5264751445620277,-0.7200652381683682,0.1935900936063405,0.0186815952591547,1.3034562292488483,0.0527029598774923,0.4713594181947782
2011-07-01,63.7,9.0,3.3422674356823556,3.5798809769996165,-1.1415251548639789,1.5399364090693737,-0.3497191861363991,0.534259465624428,-0.5973935179188683,-0.7200652381683682,0.1226717202494999,-0.4349889929300189,1.208864157320639,0.1204269235122444,0.4939092718483883
2011-08-01,55.8,9.0,3.3885499359020077,3.75499603070808,-1.7290657526827455,1.5399364090693737,-0.3347337756335752,0.6253588579688565,-0.6057550928357681,-0.7108405111396754,0.1050854183039072,-0.5019239977448156,1.208864157320639,0.0875632170820732,0.534259465624428
2011-09-01,59.5,9.0,3.434492872737227,3.812621692818685,-1.453888510666361,1.5399364090693737,-0.3198583094225096,0.6553372218533303,-0.523224215932258,-0.7016157841109828,0.1783915681787248,-0.353179542600824,1.1615681213565328,0.0550035252763127,0.6253588579688565
2011-10-01,60.8,8.8,3.480099969469874,3.5222681306640524,-1.3572046148227668,1.4453443371411638,-0.305091581973967,0.5042877688384929,-0.488384050063312,-0.7108405111396754,0.2224564610763634,-0.0556906323128409,1.1615681213565328,0.0227436489630364,0.6553372218533303
2011-11-01,63.7,8.6,3.8784242798343582,3.451432214581729,-1.1415251548639789,1.350752265212953,-0.1761215981628615,0.467437088245356,-0.4931165669557872,-0.7477394192544463,0.2546228522986591,0.2641099462467405,1.1615681213565328,-0.0334496432447295,0.5042877688384929
2011-12-01,69.9,8.5,4.276021861077806,3.062066838419386,-0.6804173439176047,1.3034562292488483,-0.047386915689225,0.2648791218274472,-0.3181594788217474,-0.7474875329850105,0.429328054163263,0.2715471690039407,1.1615681213565328,-0.0893545669520098,0.467437088245356
2012-01-01,75.0,8.3,4.6728947002263155,3.0087663379855023,-0.3011189833004267,1.208864157320639,0.0811131088089397,0.2371508192152424,-0.494121682846729,-0.6963870450425546,0.2022653621958255,-0.4573006612016174,1.1615681213565328,-0.1449733362194415,0.2648791218274472
2012-02-01,75.3,8.3,4.505556422026724,2.898178442347388,-0.2788073150288283,1.208864157320639,0.0269320948240502,0.1796201279358188,-0.2634957486137552,-0.6739416030249046,0.4104458544111493,-0.3903656563868219,1.114272085392428,-0.1581114361882481,0.2371508192152424
2012-03-01,76.2,8.2,4.339702520476774,2.5828752813320977,-0.2118723102140316,1.1615681213565328,-0.0267683056820922,0.0155912465548335,-0.1699740442019875,-0.600143786795363,0.4301697425933754,-0.1077511916132382,0.9723839775001129,-0.1711228798682345,0.1796201279358188
2012-04-01,76.4,8.2,4.17531333201222,2.2731633741348567,-0.1969978646996323,1.1615681213565328,-0.0799944594049069,-0.1455289195873365,-0.0958073974443148,-0.5263459705658212,0.4305385731215064,-0.0333789640412424,0.9723839775001129,-0.1840094899957607,0.0155912465548335
2012-05-01,79.3,8.2,4.214920343235518,1.7379429374660749,0.0186815952591547,1.1615681213565328,-0.0671704477557039,-0.4239644710620819,-0.1551132672544858,-0.4802223354223576,0.3251090681678718,-0.1969978646996323,0.925087941536008,-0.2396414239338255,-0.1455289195873365
2012-06-01,73.2,8.2,4.254374953404683,1.653870448297634,-0.4349889929300189,1.1615681213565328,-0.0543957807258795,-0.4677011602497479,-0.1893291018560825,-0.3616825024754028,0.1723534006193203,0.4054171786335329,1.019680013464218,-0.294876579388792,-0.4239644710620819
2012-07-01,72.3,8.2,4.29367804045071,1.4175114798464783,-0.5019239977448156,1.1615681213565328,-0.0416701740577493,-0.5906612253330364,-0.2838532669298545,-0.4248739732502014,0.1410207063203469,0.3756682876047342,1.0669760494283231,-0.3497191861363991,-0.4677011602497479
2012-08-01,74.3,8.1,4.0771724172152135,1.6859349154821237,-0.353179542600824,1.114272085392428,-0.1117706575008633,-0.4510203928657062,-0.3054541373227774,-0.3406501967533289,0.0351960594305515,0.45004051517673,0.925087941536008,-0.3347337756335752,-0.5906612253330364
2012-09-01,78.3,7.8,3.862446869676339,1.9497168982819613,-0.0556906323128409,0.9723839775001129,-0.1812947856279639,-0.3137941645342449,-0.2977115832153519,-0.4309645820490512,0.1332529988336993,0.2269238324607427,0.8304958696077978,-0.3198583094225096,-0.4510203928657062
2012-10-01,82.6,7.8,3.64947953445276,2.1556780595369363,0.2641099462467405,0.9723839775001129,-0.2502496373942204,-0.2066478270861913,-0.4286973956295485,-0.5045105120091573,0.0758131163796088,-0.1151884143704373,0.8777919055719027,-0.305091581973967,-0.3137941645342449
2012-11-01,82.7,7.7,3.634729252244928,1.7960197033926262,0.2715471690039407,0.925087941536008,-0.2550255037123282,-0.3937514312737001,-0.1377271311533927,-0.5949150477269348,0.4571879165735421,-0.4349889929300189,0.8304958696077978,-0.1761215981628615,-0.2066478270861913
2012-12-01,72.9,7.9,3.6201182625154704,1.7595049796895523,-0.4573006612016174,1.019680013464218,-0.2597562697234414,-0.4127473375109373,0.0076929778594799,-0.6185932408527484,0.6262862187122283,-0.2936817605432276,0.8304958696077978,-0.047386915689225,-0.3937514312737001
2013-01-01,73.8,8.0,3.605644601449809,1.684061762098299,-0.3903656563868219,1.0669760494283231,-0.2644425712740992,-0.4519948558340265,-0.1314742509968765,-0.4625588722729164,0.3310846212760399,0.2566727234895414,0.7359037976795876,0.0811131088089397,-0.4127473375109373
2013-02-01,77.6,7.7,3.475746319789818,2.0181404902574807,-0.1077511916132382,0.925087941536008,-0.3065012125542402,-0.2781984375022881,-0.3786183234184459,-0.436235977513252,0.0576176540948061,0.1599888276459471,0.6886077617154827,0.0269320948240502,-0.4519948558340265
2013-03-01,78.6,7.5,3.346589172893144,1.5187472411246183,-0.0333789640412424,0.8304958696077978,-0.3483198882185762,-0.537995756884401,0.6701322520448179,-0.250611704782783,0.9207439568276008,0.1897377186747448,0.6886077617154827,-0.0267683056820922,-0.2781984375022881
2013-04-01,76.4,7.6,3.2181668359853255,1.138808047576867,-0.1969978646996323,0.8777919055719027,-0.3899006461111341,-0.7356499786491145,0.1874508822361558,-0.0404864746047996,0.2279373568409555,0.070742154559552,0.6886077617154827,-0.0799944594049069,-0.537995756884401
2013-05-01,84.5,7.5,3.442050482816117,1.3903888279197083,0.4054171786335329,0.8304958696077978,-0.3174112962120099,-0.6047711322597803,0.0541745755180683,0.0134131636279126,0.0407614118901557,0.3756682876047342,0.5467196538231676,-0.0671704477557039,-0.7356499786491145
2013-06-01,84.1,7.5,3.664903533841146,1.7157935271568725,0.3756682876047342,0.8304958696077978,-0.2452556340164138,-0.435487168724129,-0.0372888442105713,0.1328005103624094,-0.1700893545729808,0.2120493869463444,0.4521275818949574,-0.0543957807258795,-0.6047711322597803
2013-07-01,85.1,7.3,3.886733088877925,1.885471805415806,0.45004051517673,0.7359037976795876,-0.1734313607358317,-0.3472161279649952,-0.2628377747514104,-0.0127863582829915,-0.2500514164684189,0.2566727234895414,0.4048315459308521,-0.0416701740577493,-0.435487168724129
2013-08-01,82.1,7.2,4.1586113972092775,1.538809488600279,0.2269238324607427,0.6886077617154827,-0.0854022344392216,-0.5275588554565034,0.0259316566039067,-0.0837827587424392,0.1097144153463459,0.2046121641891441,0.4521275818949574,-0.1117706575008633,-0.3472161279649952
2013-09-01,77.5,7.2,4.429373906983103,1.0947341081747997,-0.1151884143704373,0.6886077617154827,0.0022656170916854,-0.758578384932437,-0.4802633665612316,-0.241669196123163,-0.2385941704380685,0.2566727234895414,0.4521275818949574,-0.1812947856279639,-0.5275588554565034
2013-10-01,73.2,7.2,4.6990274730504655,0.8767991434911471,-0.4349889929300189,0.6886077617154827,0.089574413329836,-0.871953805450757,-0.0678700122769421,-0.3784702511217344,0.3106002388447923,0.4128544013907321,0.2156474020744321,-0.2502496373942204,-0.758578384932437
2013-11-01,75.1,6.9,4.228713165041609,1.2328701961954458,-0.2936817605432276,0.5467196538231676,-0.0627045892611186,-0.6867164095452853,-0.1863275683836535,-0.4944505954890581,0.3081230271054045,0.5839105248063232,0.262943438038537,-0.2550255037123282,-0.871953805450757
2013-12-01,82.5,6.7,3.762708205035836,1.5128383667573295,0.2566727234895414,0.4521275818949574,-0.2135883053286733,-0.5410697065700502,0.4589480957380439,-0.5550276967296426,1.0139757924676864,0.7252177571931145,0.1683513661103267,-0.2597562697234414,-0.6867164095452853
2014-01-01,81.2,6.6,3.3009536352572866,1.557758795574915,0.1599888276459471,0.4048315459308521,-0.3630958243012171,-0.5177009345400565,-0.1630101248769334,-0.4181845080110514,0.255174383134118,1.082204449538694,0.2156474020744321,-0.2644425712740992,-0.5410697065700502
2014-02-01,81.6,6.7,3.775945118711976,1.1204746347724948,0.1897377186747448,0.4521275818949574,-0.2093024395200847,-0.7451874954456911,-0.4197141446742368,-0.1677646093441257,-0.2519495353301111,1.4168794736126749,0.1683513661103267,-0.3065012125542402,-0.5177009345400565
2014-03-01,80.0,6.7,4.249410389820407,1.6126949139408042,0.070742154559552,0.4521275818949574,-0.0560032138361191,-0.4891217410617735,-0.1543602017498223,-0.0876176548260063,-0.066742546923816,1.216074459168287,0.073759294182117,-0.3483198882185762,-0.7451874954456911
2014-04-01,84.1,6.2,4.721356792675957,2.015125303606169,0.3756682876047342,0.2156474020744321,0.0968042306311639,-0.2797670157936601,0.0374070421721319,0.1290904923691641,-0.0916834501970322,1.0375811129954968,-0.0208327777460931,-0.3899006461111341,-0.4891217410617735
2014-05-01,81.9,6.3,4.820419711392776,2.166947687079812,0.2120493869463444,0.262943438038537,0.128878956402981,-0.2007850745737018,-0.1955514127008583,0.3917668613137597,-0.5873182740146181,1.253260572954285,0.0264632582180117,-0.3174112962120099,-0.2797670157936601
2014-06-01,82.5,6.1,4.9186016776126,2.0589816945944195,0.2566727234895414,0.1683513661103267,0.1606684461841254,-0.2569517838370702,-0.3964891375808979,0.0753878594513047,-0.4718769970322026,0.8665249895799069,-0.0681288137101985,-0.2452556340164138,-0.2007850745737018
2014-07-01,81.8,6.2,5.015914390594034,1.9742378703305976,0.2046121641891441,0.2156474020744321,0.192176487976368,-0.3010377189516485,-0.1114972192514434,0.0882908833996372,-0.1997881026510807,1.2681350184686833,-0.0208327777460931,-0.1734313607358317,-0.2569517838370702
2014-08-01,82.5,6.1,4.737484245258217,1.7150983482969062,0.2566727234895414,0.1683513661103267,0.1020259990352694,-0.4358488187957388,-0.1160896648836105,-0.0832260360221587,-0.0328636288614517,1.045018335752696,-0.1154248496743033,-0.0854022344392216,-0.3010377189516485
2014-09-01,84.6,5.9,4.461637641572858,1.6840509711232077,0.4128544013907321,0.073759294182117,0.0127120127031381,-0.4520004695791204,-0.571298366819352,-0.2105781405274259,-0.360720226291926,0.955771662666302,-0.1627208856384082,0.0022656170916854,-0.4358488187957388
2014-10-01,86.9,5.7,4.188338786735879,1.6095417021513292,0.5839105248063232,-0.0208327777460931,-0.0757770600618807,-0.4907621236095394,-0.0498087167769264,-0.3062701513329159,0.2564614345559896,0.6062221930779217,-0.1627208856384082,0.089574413329836,-0.4520004695791204
2014-11-01,88.8,5.8,4.470398615200866,1.231524989320798,0.7252177571931145,0.0264632582180117,0.0155486525907207,-0.6874162210478532,-0.3337534928793135,-0.4318377154891124,0.0980842226097988,0.8144644302795097,-0.0681288137101985,-0.0627045892611186,-0.4907621236095394
2014-12-01,93.6,5.6,4.752395905247941,0.6531213919623191,1.082204449538694,-0.0681288137101985,0.1068541164698085,-0.988316772618436,-0.0684308353738832,-0.4266089764206843,0.3581781410468011,0.911148326123104,-0.2100169216025136,-0.2135883053286733,-0.6874162210478532
2015-01-01,98.1,5.7,5.034330677673982,-0.2299309782054281,1.4168794736126749,-0.0208327777460931,0.1981393383090231,-1.447703516516063,-0.2591613799329852,-0.2597552809144992,0.0005939009815139,1.0078322219666982,-0.2573129575666185,-0.3630958243012171,-0.988316772618436
2015-02-01,95.4,5.5,4.801900774943402,-0.0870314629352053,1.216074459168287,-0.1154248496743033,0.1228828701186937,-1.373363482739735,-0.1748692483506148,-0.2731312047981381,0.0982619564475233,0.9632088854235012,-0.3046089935307238,-0.2093024395200847,-1.447703516516063
2015-03-01,93.0,5.4,4.572325544023803,-0.0220312844238734,1.0375811129954968,-0.1627208856384082,0.048550691427319,-1.3395487041740957,-0.561550891387918,-0.1298345759253914,-0.4317163154625265,0.9408972171519028,-0.3519050294948286,-0.0560032138361191,-1.373363482739735
2015-04-01,95.9,5.4,4.34555271487731,-0.1040309893939106,1.253260572954285,-0.1627208856384082,-0.0248741218286423,-1.3822070772665045,-0.2433455991188712,0.2879423600686083,-0.5312879591874795,0.8888366578515053,-0.3519050294948286,0.0968042306311639,-1.3395487041740957
2015-05-01,90.7,5.6,4.011922959270242,0.0350332182442958,0.8665249895799069,-0.0681288137101985,-0.1328972152224999,-1.3098622699845943,-0.3900040478036187,0.3490232338480644,-0.7390272816516831,0.7400922027075139,-0.3046089935307238,0.128878956402981,-1.3822070772665045
2015-06-01,96.1,5.3,3.6818817653498703,0.1795718097550525,1.2681350184686833,-0.2100169216025136,-0.2397583992611017,-1.2346695462404045,-0.269913971255361,0.1293855855869217,-0.3992995568422827,1.16401389986789,-0.3519050294948286,0.1606684461841254,-1.3098622699845943
2015-07-01,93.1,5.2,3.355371544332053,0.2256861110409458,1.045018335752696,-0.2573129575666185,-0.3454763201188467,-1.210679690790703,-0.5044908343165748,-0.0366291688299103,-0.4678616654866645,1.0747672267814947,-0.4464971014230389,0.192176487976368,-1.2346695462404045
2015-08-01,91.9,5.1,3.2097100673601275,0.2413037985344868,0.955771662666302,-0.3046089935307238,-0.3926387900915706,-1.202554964729999,-0.6254909351134554,0.0215150264785444,-0.6470059615919999,0.8144644302795097,-0.3992010654589336,0.1020259990352694,-1.210679690790703
2015-09-01,87.2,5.0,3.064634464292837,0.00884296163417,0.6062221930779217,-0.3519050294948286,-0.4396115650192521,-1.323487120687032,-0.3508627377945806,-0.0800301777715553,-0.2708325600230252,0.7995899847651102,-0.3519050294948286,0.0127120127031381,-1.202554964729999
2015-10-01,90.0,5.0,2.920141207505833,0.127616560670507,0.8144644302795097,-0.3519050294948286,-0.4863957870808724,-1.261698014213154,-0.440309899176218,-0.1887282136487512,-0.2515816855274667,0.9037111033659048,-0.3046089935307238,-0.0757770600618807,-1.323487120687032
2015-11-01,91.3,5.1,2.7993778987025264,0.4363182169185187,0.911148326123104,-0.3046089935307238,-0.5254966944974605,-1.1011034068144567,-0.3172659240024582,-0.2176478904843713,-0.0996180335180869,0.6062221930779217,-0.4464971014230389,0.0155486525907207,-1.261698014213154
2015-12-01,92.6,5.0,2.679291492016267,0.6387247515364791,1.0078322219666982,-0.3519050294948286,-0.5643784336313058,-0.9958062783280864,-0.0695790958083881,-0.237535993134635,0.1679568973262469,1.0970788950530932,-0.3992010654589336,0.1068541164698085,-1.1011034068144567
2016-01-01,92.0,4.8,2.5598763120982637,1.2375025026943876,0.9632088854235012,-0.4464971014230389,-0.603042842054514,-0.6843065635710535,-0.0459894754678643,-0.0968828827190355,0.0508934072511711,1.424316696369875,-0.4464971014230389,0.1981393383090231,-0.9958062783280864
2016-02-01,91.7,4.9,2.493667983890724,0.8472775790126619,0.9408972171519028,-0.3992010654589336,-0.6244798640863184,-0.8873116888999106,-0.2062121637157054,0.0449438020188399,-0.2511559657345453,1.4466283646414737,-0.3992010654589336,0.1228828701186937,-0.6843065635710535
2016-03-01,91.0,5.0,2.4279838984596624,0.8916160965521946,0.8888366578515053,-0.3519050294948286,-0.6457471460830905,-0.8642456422079523,-0.2840047952145477,0.2783854736772803,-0.5623902688918281,1.283009463983083,-0.3519050294948286,0.048550691427319,-0.8873116888999106
2016-04-01,89.0,5.1,2.362817853865229,1.1726257503534845,0.7400922027075139,-0.3046089935307238,-0.6668466961173012,-0.7180571326419215,-0.3660007039808347,0.2170781109533749,-0.5830788149342097,1.3276328005262807,-0.3992010654589336,-0.0248741218286423,-0.8642456422079523
2016-05-01,94.7,4.8,2.4651011038806736,1.0784764621246223,1.16401389986789,-0.4464971014230389,-0.6337292871231868,-0.7670360340308844,-0.4383049778522094,0.2499949641123333,-0.6882999419645428,1.33507002328348,-0.4937931373871437,-0.1328972152224999,-0.7180571326419215
2016-06-01,93.5,4.9,2.5669318590209933,1.0792865347959424,1.0747672267814947,-0.3992010654589336,-0.6007583875315894,-0.766614613218971,-0.4289382870443678,0.1404541294878979,-0.5693924165322659,1.342507246040679,-0.4937931373871437,-0.2397583992611017,-0.7670360340308844
2016-07-01,90.0,4.8,2.6683131153736106,0.8683633430518256,0.8144644302795097,-0.4464971014230389,-0.5679330272652721,-0.8763423276119668,-0.2396634757882534,0.1264153652175425,-0.3660788410057959,1.1863255681394884,-0.4937931373871437,-0.3454763201188467,-0.766614613218971
2016-08-01,89.8,4.9,2.9621935570930624,1.0553158595656864,0.7995899847651102,-0.3992010654589336,-0.4727800204696877,-0.779084780125338,-0.5324483583023889,0.1382792303697432,-0.6707275886721321,1.0673300040242957,-0.5410891733512491,-0.3926387900915706,-0.8763423276119668
2016-09-01,91.2,5.0,3.255717643142342,1.5486446201652182,0.9037111033659048,-0.3519050294948286,-0.3777423949948443,-0.5224423649537216,-0.2138509443867558,0.0196734776792836,-0.2335244220660395,1.3201955777690806,-0.6356812452794589,-0.4396115650192521,-0.779084780125338
2016-10-01,87.2,4.9,3.5488860212972817,1.685924966243646,0.6062221930779217,-0.3992010654589336,-0.282819941103007,-0.4510255687175841,-0.0495623949028407,0.0757496352440282,-0.1253120301468689,1.1937627908966877,-0.6356812452794589,-0.4863957870808724,-0.5224423649537216
2016-11-01,93.8,4.7,3.7234227967990696,1.6843334719788938,1.0970788950530932,-0.4937931373871437,-0.2263081879280363,-0.4518535053076613,0.0412820040163247,-0.1494469884545586,0.1907289924708833,1.6102472652998645,-0.6356812452794589,-0.5254966944974605,-0.4510255687175841
2016-12-01,98.2,4.7,3.897388366785637,2.0507989115119862,1.424316696369875,-0.4937931373871437,-0.1699813804471495,-0.2612086798075159,0.2215870804645976,-0.1606040586752505,0.3821911391398482,1.4466283646414737,-0.6829772812435642,-0.5643784336313058,-0.4518535053076613
2017-01-01,98.5,4.7,4.070785530747623,2.5103933482571117,1.4466283646414737,-0.4937931373871437,-0.1138386122374819,-0.022115734765423,-0.1611987581737436,0.0103900146313065,-0.1715887728050501,1.253260572954285,-0.6829772812435642,-0.603042842054514,-0.2612086798075159
2017-02-01,96.3,4.6,4.008428944145037,2.8103616813294208,1.283009463983083,-0.5410891733512491,-0.1340285121642334,0.1339355714286929,-0.4849932282247692,0.0234547757222967,-0.508448003947066,1.2383861274398855,-0.6356812452794589,-0.6244798640863184,-0.022115734765423
2017-03-01,96.9,4.4,3.9464864436195017,2.44119623655914,1.3276328005262807,-0.6356812452794589,-0.154084338741044,-0.058113866817334,-0.4788774660466973,0.2353635789185327,-0.7142410449652301,1.5358750377278687,-0.6829772812435642,-0.6457471460830905,0.1339355714286929
2017-04-01,97.0,4.4,3.884953918141698,2.176223471915395,1.33507002328348,-0.6356812452794589,-0.1740074230425446,-0.1959595707455382,-0.4566549196153627,0.3018781258087755,-0.7585330454241382,1.6623078246002616,-0.7302733172076691,-0.6668466961173012,-0.058113866817334
2017-05-01,97.1,4.4,4.002124225951054,1.8563431667619756,1.342507246040679,-0.6356812452794589,-0.1360698623461181,-0.362369601210089,-0.4079590926898568,0.2671287194871731,-0.6750878121770298,1.4689400329130722,-0.7302733172076691,-0.6337292871231868,-0.1959595707455382
2017-06-01,95.0,4.3,4.118544035451088,1.640565809959127,1.1863255681394884,-0.6829772812435642,-0.0983752990070832,-0.4746225781537634,-0.2203084181341584,0.1985960784399676,-0.4189044965741261,1.4094422508554758,-0.7775693531717743,-0.6007583875315894,-0.362369601210089
2017-07-01,93.4,4.3,4.234220534251465,1.7251073506566073,1.0673300040242957,-0.6829772812435642,-0.0609214058114643,-0.4306418761963851,-0.4309432083683763,0.1367869863294958,-0.5677301946978721,1.424316696369875,-0.8248653891358793,-0.5679330272652721,-0.4746225781537634
2017-08-01,96.8,4.4,4.4793606403639386,1.92812155729698,1.3201955777690806,-0.6356812452794589,0.0184503892161819,-0.3250286209646885,-0.4896274021401357,0.1316850522361017,-0.6213124543762374,1.4020050280982763,-0.7775693531717743,-0.4727800204696877,-0.4306418761963851
2017-09-01,95.1,4.3,4.7228106226311795,2.1805652303711787,1.1937627908966877,-0.6829772812435642,0.0972749536598878,-0.1937008753983828,-0.2779730857087269,0.1750881069232368,-0.4530611926319637,1.2755722412258836,-0.8248653891358793,-0.3777423949948443,-0.3250286209646885
2017-10-01,100.7,4.2,4.964587899899731,2.020757753132485,1.6102472652998645,-0.7302733172076691,0.1755579274173402,-0.2768368694790417,0.1252189202528105,0.1880855618899385,-0.062866641637128,1.5656239287566664,-0.8248653891358793,-0.282819941103007,-0.1937008753983828
2017-11-01,98.5,4.2,5.123470814117681,2.172493864295566,1.4466283646414737,-0.7302733172076691,0.2270012522191833,-0.1978998093524099,0.145651391392787,0.0449512106637779,0.1007001807290089,1.4540655873986728,-0.9194574610640894,-0.2263081879280363,-0.2768368694790417
2017-12-01,95.9,4.1,5.281302557329726,2.129930719552253,1.253260572954285,-0.7775693531717743,0.2781042274513747,-0.2200422610735457,0.3689202704939501,-0.025305729471652,0.3942259999656022,1.372256137069478,-0.8248653891358793,-0.1699813804471495,-0.1978998093524099
2018-01-01,95.7,4.0,5.438093526978416,2.151318868063945,1.2383861274398855,-0.8248653891358793,0.3288702196119227,-0.2089155915410031,0.0062960383748781,0.1470733943872292,-0.1407773560123511,1.4317539191270745,-0.9194574610640894,-0.1138386122374819,-0.2200422610735457
2018-02-01,99.7,4.1,5.584954146732435,2.263468931091861,1.5358750377278687,-0.7775693531717743,0.3764209496560751,-0.1505722202724101,-0.0806253457988502,0.0838970397935865,-0.1645223855924367,0.9037111033659048,-0.9194574610640894,-0.1340285121642334,-0.2089155915410031
2018-03-01,101.4,4.0,5.731013971230126,2.3309497646499366,1.6623078246002616,-0.8248653891358793,0.423712397129324,-0.1154669406185507,-0.1535933220447624,0.1977278823677419,-0.3513212044125043,1.0970788950530932,-0.9667534970281944,-0.154084338741044,-0.1505722202724101
2018-04-01,98.8,4.0,5.876279532475603,2.4709963021052994,1.4689400329130722,-0.8248653891358793,0.4707466769727942,-0.0426110998901749,-0.3635823361736111,0.3293307705532302,-0.6929131067268414,1.4391911418842744,-0.9194574610640894,-0.1740074230425446,-0.1154669406185507
2018-05-01,98.0,3.8,5.78910686193812,2.781921607842497,1.4094422508554758,-0.9194574610640894,0.4425217918340928,0.1191403076405606,-0.15909006341336,0.3385856099472121,-0.4976756733605721,1.3499444687978792,-0.9194574610640894,-0.1360698623461181,-0.0426110998901749
2018-06-01,98.2,4.0,5.702686868433071,2.8075506935940187,1.424316696369875,-0.8248653891358793,0.4145406094826984,0.1324732227090385,-0.3582581498734091,0.2376404300791256,-0.5958985799525347,1.5581867059994672,-0.8721614250999844,-0.0983752990070832,0.1191403076405606
2018-07-01,97.9,3.8,5.617009845579002,2.854124785561929,1.4020050280982763,-0.9194574610640894,0.3867999871732993,0.156702273195662,-0.3244614296111437,0.1777337719994437,-0.5021952016105875,1.424316696369875,-0.8248653891358793,-0.0609214058114643,0.1324732227090385
2018-08-01,96.2,3.8,5.205200985394742,2.6429238568742575,1.2755722412258836,-0.9194574610640894,0.2534639575881733,0.0468300728418444,-0.0901945376496961,0.2303701238202757,-0.3205646614699718,1.4391911418842744,-0.9194574610640894,0.0184503892161819,0.156702273195662
2018-09-01,100.1,3.7,4.798139420983594,2.332055105808828,1.5656239287566664,-0.9667534970281944,0.1216650138476055,-0.1148919134819579,0.1011293138144344,0.2582774396642802,-0.1571481258498457,0.7995899847651102,-0.9194574610640894,0.0972749536598878,0.0468300728418444
2018-10-01,98.6,3.8,4.395743533192031,2.492032470218053,1.4540655873986728,-0.9194574610640894,-0.0086232708082951,-0.0316675396893623,0.3647192268296598,0.2492781218700878,0.115441104959572,1.0524555585098962,-0.9667534970281944,0.1755579274173402,-0.1148919134819579
2018-11-01,97.5,3.8,4.2127318452780615,2.147328577667773,1.372256137069478,-0.9194574610640894,-0.0678790425835854,-0.2109914440886331,0.4085840738841904,0.0418340320330484,0.366750041851142,1.2235116819254863,-1.0140495329922994,0.2270012522191833,-0.0316675396893623
2018-12-01,98.3,3.9,4.031477870848721,2.0023809043401064,1.4317539191270745,-0.8721614250999844,-0.126565699510099,-0.286396982803041,0.6424209695338933,-0.0461840120689331,0.6886049816028265,1.3201955777690806,-1.0140495329922994,0.2781042274513747,-0.2109914440886331
2019-01-01,91.2,4.0,3.851956408309043,1.4875893578291333,0.9037111033659048,-0.8248653891358793,-0.1846914013943308,-0.5542048958181838,0.3329245352656155,0.1924024659245596,0.1405220693410558,1.50612614669907,-0.9667534970281944,0.3288702196119227,-0.286396982803041
2019-02-01,93.8,3.8,3.891569449553378,1.5188615351321877,1.0970788950530932,-0.9194574610640894,-0.1718654373367625,-0.5379362981775813,0.4438561505612283,0.0715377715966234,0.3723183789646048,1.5433122604850678,-1.0140495329922994,0.3764209496560751,-0.5542048958181838
2019-03-01,98.4,3.8,3.930857343743388,1.8831863513063984,1.4391911418842744,-0.9194574610640894,-0.159144749832097,-0.3484050804633037,0.5131981420659709,0.1944449965573374,0.3187531455086334,1.632558933571463,-1.0613455689564046,0.423712397129324,-0.5379362981775813
2019-04-01,97.2,3.7,3.969824077766804,2.000583470209061,1.3499444687978792,-0.9667534970281944,-0.1465280480004338,-0.287332054652375,0.7491249058707122,0.3746214625616726,0.3745034433090396,0.747529425464713,-1.0140495329922994,0.4707466769727942,-0.3484050804633037
2019-05-01,100.0,3.6,4.119545154486515,1.7959105553606136,1.5581867059994672,-1.0140495329922994,-0.0980511553321119,-0.3938082129105803,0.6547072894636441,0.1626196186163131,0.4920876708473309,-0.5391101115308135,-1.0140495329922994,0.4425217918340928,-0.287332054652375
2019-06-01,98.2,3.6,4.268217250847273,1.671194894390049,1.424316696369875,-1.0140495329922994,-0.0499139029428093,-0.45868853410311,0.5297634724218294,0.2019094139155099,0.3278540585063195,-0.5019239977448156,-1.0140495329922994,0.4145406094826984,-0.3938082129105803
2019-07-01,98.4,3.7,4.4158513524623855,1.826331335037068,1.4391911418842744,-0.9667534970281944,-0.0021127338957948,-0.3779825343953426,0.362348794528222,0.2488281505758502,0.1135206439523717,-0.0705650778272403,-1.0140495329922994,0.3867999871732993,-0.45868853410311
2019-08-01,89.8,3.6,4.562452340687573,1.7376412106666406,0.7995899847651102,-1.0140495329922994,0.045353932300887,-0.4241214371680813,0.3941255598230982,0.2453658417224814,0.1487597181006168,-0.4870495522304162,-1.0613455689564046,0.2534639575881733,-0.3779825343953426
2019-09-01,93.2,3.5,4.708495629498821,1.6844977040391562,1.0524555585098962,-1.0613455689564046,0.0926400258272206,-0.4517680675307453,0.4591661091348225,0.2211589042644224,0.2380072048704,-0.3680539881152234,-0.6356812452794589,0.1216650138476055,-0.4241214371680813
2019-10-01,95.5,3.6,4.853984395254085,1.7339736996186297,1.2235116819254863,-1.0140495329922994,0.1397465751286793,-0.426029371527891,0.6652434455412282,0.1214476421509355,0.5437958033902927,0.1004910455883507,4.283106494987468,-0.0086232708082951,-0.4517680675307453
2019-11-01,96.8,3.6,4.24217807222782,2.092290394862917,1.3201955777690806,-1.0140495329922994,-0.0583449034055536,-0.2396237341349893,0.4056569305545833,-0.056455949211471,0.4621128797660544,0.2046121641891441,3.5263699195617857,-0.0678790425835854,-0.426029371527891
2019-12-01,99.3,3.6,3.634126106864821,2.3195274699624457,1.50612614669907,-1.0140495329922994,-0.255220790939053,-0.1214091145389138,0.689674639959958,-0.0403741163975942,0.7300487563575523,-0.1598117509136344,2.485857128351475,-0.126565699510099,-0.2396237341349893
2020-01-01,99.8,3.6,3.029794046874712,2.599767976845202,1.5433122604850678,-1.0140495329922994,-0.4508922424809819,0.0243792648531649,0.2178794238870016,0.1455620767706145,0.0723173471163871,0.1228027138599492,2.107488840638634,-0.1846914013943308,-0.1214091145389138
2020-02-01,101.0,3.5,-0.2520718821470868,2.3413166797595197,1.632558933571463,-1.0613455689564046,-1.513499230612981,-0.1100738025246574,0.3428448638183714,0.1026990301253642,0.2401458336930072,-0.0036300730124437,1.2561601932847437,-0.1718654373367625,0.0243792648531649
2020-03-01,89.1,4.4,-3.504528953701735,1.4940399642909163,0.747529425464713,-0.6356812452794589,-2.566584179108557,-0.5508491230477867,-0.1498473688309966,-0.150913500463156,0.0010661316321593,-0.1672489736708346,0.9723839775001129,-0.159144749832097,-0.1100738025246574
2020-04-01,71.8,14.8,-6.727970704466935,0.3130472940411133,-0.5391101115308135,4.283106494987468,-3.610274507805343,-1.1652321377833224,-0.253249970032256,-0.2180273267321265,-0.0352226433001294,0.4351660696623317,0.5467196538231676,-0.1465280480004338,-0.5508491230477867
2020-05-01,72.3,13.2,-4.482857552829578,0.1982013035848551,-0.5019239977448156,3.5263699195617857,-2.883348735798566,-1.224978000415882,-0.0770481903770171,-0.0823659629691425,0.0053177725921254,0.6880316434071166,0.4521275818949574,-0.0980511553321119,-1.1652321377833224
2020-06-01,78.1,11.0,-2.2598541960887175,0.7166562831830481,-0.0705650778272403,2.485857128351475,-2.1635817030795277,-0.9552642745018904,0.0159209783373618,-0.1068020612596485,0.1227230395970103,0.2864216145183401,0.4521275818949574,-0.0499139029428093,-1.224978000415882
2020-07-01,72.5,10.2,-0.0586356298433066,0.9968647625897996,-0.4870495522304162,2.107488840638634,-1.450868179283798,-0.8094925566334246,0.2238014131696895,0.0064275711626048,0.2173738420070846,0.4797894062055287,0.3102394740026423,-0.0021127338957948,-0.9552642745018904
2020-08-01,74.1,8.4,0.1965424469957843,1.2810698495523851,-0.3680539881152234,1.2561601932847437,-1.368246276521267,-0.6616416998670445,0.0708163175227357,0.0621397281324228,0.0086765893903128,0.1599888276459471,0.2156474020744321,0.045353932300887,-0.8094925566334246
2020-09-01,80.4,7.8,0.4500393047927042,1.3910228912373812,0.1004910455883507,0.9723839775001129,-1.2861687211335004,-0.6044412760782322,0.3322695610386983,0.1743419842554746,0.1579275767832237,-0.650668452888807,0.1683513661103267,0.0926400258272206,-0.6616416998670445
2020-10-01,81.8,6.9,0.7018715038473289,1.2303863428671624,0.2046121641891441,0.5467196538231676,-1.204630151204212,-0.6880085744625061,0.4527032003906249,0.0119630774550518,0.4407401229355731,-0.4647378839588176,0.1683513661103267,0.1397465751286793,-0.6044412760782322
2020-11-01,76.9,6.7,1.8856825642945776,1.1757452138405844,-0.1598117509136344,0.4521275818949574,-0.8213342053414452,-0.716434306836274,0.255484640003659,-0.0074963903639943,0.2629810303676534,-0.5465473342880126,0.0264632582180117,-0.0583449034055536,-0.6880085744625061
2020-12-01,80.7,6.7,3.076078066446075,1.3204191315779434,0.1228027138599492,0.4521275818949574,-0.4359063400404066,-0.641171182879477,0.3475933003878917,-0.0823186886772075,0.4299119890650993,-0.8663479128475942,0.073759294182117,-0.255220790939053,-0.716434306836274
2021-01-01,79.0,6.4,4.273113098206172,1.3738437137002402,-0.0036300730124437,0.3102394740026423,-0.0483287188649381,-0.6133783297550456,0.1400064826898588,0.0472782021335514,0.0927282805563074,-0.6283567846172086,-0.1627208856384082,-0.4508922424809819,-0.641171182879477
2021-02-01,76.8,6.2,8.393420457713653,1.6698167791706853,-0.1672489736708346,0.2156474020744321,1.285749969343191,-0.4594054653800387,0.0033184745821965,0.0260836187648913,-0.0227651441826947,-0.8812223583619935,-0.3046089935307238,-1.513499230612981,-0.6133783297550456
2021-03-01,84.9,6.1,12.75331769470689,2.6678187820641908,0.4351660696623317,0.1683513661103267,2.697403392049368,0.0597810585465834,0.1189676337829803,0.1899513400724727,-0.0709837062894924,-1.2084601596787752,-0.4937931373871437,-2.566584179108557,-0.4594054653800387
2021-04-01,88.3,6.1,17.3743282929385,4.133077115360573,0.6880316434071166,0.1683513661103267,4.193600451926375,0.8220464432983631,0.2881827607218623,0.2507904029290586,0.0373923577928036,-1.4613257334235608,-0.588385209315354,-3.610274507805343,0.0597810585465834
2021-05-01,82.9,5.8,14.951359373008756,4.918257089467626,0.2864216145183401,0.0264632582180117,3.4090882987710502,1.2305174285584357,0.1951605873573664,0.2321565936472434,-0.036996006289877,-1.029966813505985,-0.7775693531717743,-2.883348735798566,0.8220464432983631
2021-06-01,85.5,5.9,12.66192514688007,5.295632620349999,0.4797894062055287,0.073759294182117,2.6678121893359426,1.4268379665190094,0.3882502547714196,0.3387596892141812,0.0494905655572384,-1.5356979609955566,-0.8721614250999844,-2.1635817030795277,1.2305174285584357
2021-07-01,81.2,5.4,10.49528260051158,5.245169381309234,0.1599888276459471,-0.1627208856384082,1.9662937360085415,1.4005856808645798,0.399234665236748,0.2547038688465536,0.1445307963901944,-2.1604246726003207,-0.8248653891358793,-1.450868179283798,1.4268379665190094
2021-08-01,70.3,5.1,11.11872514296055,5.152015301793966,-0.650668452888807,-0.3046089935307238,2.168152805401579,1.3521245128580095,0.1788641212236103,0.2881989843928925,-0.1093348631692821,-2.048866331242327,-0.8721614250999844,-1.368246276521267,1.4005856808645798
2021-09-01,72.8,4.7,11.734923899672234,5.351215590949132,-0.4647378839588176,-0.4937931373871437,2.367666472053784,1.4557536693043864,0.7764626617823522,0.3883552830259667,0.3881073787563855,-1.550572406509955,-0.9667534970281944,-1.2861687211335004,1.3521245128580095
2021-10-01,71.7,4.5,12.344004389880814,6.235042390298062,-0.5465473342880126,-0.588385209315354,2.5648753767525236,1.9155432913459849,1.0692618997949506,0.4448057362665512,0.6244561635283994,-1.5208235154811571,-0.9667534970281944,-1.204630151204212,1.4557536693043864
2021-11-01,67.4,4.1,11.999898945498666,6.901970403700863,-0.8663479128475942,-0.7775693531717743,2.453460450682182,2.262496539920614,0.7967051465292675,0.3230206367998038,0.4736845097294637,-1.4241396196375629,-1.0140495329922994,-0.8213342053414452,1.9155432913459849
2021-12-01,70.6,3.9,11.661849611999052,7.174340285065539,-0.6283567846172086,-0.8721614250999844,2.344006380382265,2.404190415802667,1.1291785406321415,0.3191531622602149,0.8100253783719267,-1.662130747867949,-1.0140495329922994,-0.4359063400404066,2.262496539920614
2022-01-01,67.2,4.0,11.32969790649696,7.558805726967832,-0.8812223583619935,-0.8248653891358793,2.236461852049968,2.6041993093444,0.6591007016675816,0.5927592588246429,0.0663414428429387,-1.4315768423947626,-1.0613455689564046,-0.0483287188649381,2.404190415802667
2022-02-01,62.8,3.9,11.011757170975311,7.937278766517819,-1.2084601596787752,-0.8721614250999844,2.1335185707935547,2.801090799776478,0.7780473771053227,0.7445722302097098,0.0334751468956129,-1.0522784817775834,-1.0140495329922994,1.285749969343191,2.6041993093444
2022-03-01,59.4,3.7,10.700631516079383,8.572204966013853,-1.4613257334235608,-0.9667534970281944,2.0327818855572692,3.131395874826976,0.8467210397708609,0.8591697677879093,-0.0124487280170484,-0.903534026633592,-1.0613455689564046,2.697403392049368,2.801090799776478
2022-04-01,65.2,3.7,10.396104142805983,8.231750770777225,-1.029966813505985,-0.9667534970281944,1.9341816008667103,2.9542827731812253,0.9113566985437456,0.8255064763779778,0.0858502221657676,-1.2679579417363716,-1.0140495329922994,4.193600451926375,3.131395874826976
2022-05-01,58.4,3.6,10.199436292065634,8.538171195642065,-1.5356979609955566,-1.0140495329922994,1.8705042182260712,3.113690624853313,0.9164959513611088,0.8115430721428092,0.1049528792182995,-1.1415251548639789,-1.0140495329922994,3.4090882987710502,2.9542827731812253
2022-06-01,50.0,3.6,10.005834375999957,8.979361103105798,-2.1604246726003207,-1.0140495329922994,1.807819528060056,3.343209056463161,0.9542093912588696,0.6387061454063246,0.3155032458525449,-1.491074624452359,-1.0613455689564046,2.6678121893359426,3.113690624853313
2022-07-01,51.5,3.5,9.8152272549775,8.462576727730099,-2.048866331242327,-1.0613455689564046,1.7461044966825996,3.074364422190888,1.0050455275646424,0.8377309074056465,0.1673146201589959,-1.1043390410779808,-1.0613455689564046,1.9662937360085415,3.343209056463161
2022-08-01,58.2,3.6,9.15761798308228,8.222579178218826,-1.550572406509955,-1.0140495329922994,1.5331828774303051,2.949511472877758,1.0372580488314287,0.9269978793834438,0.1102601694479848,-0.5614217798024119,-1.0140495329922994,2.168152805401579,3.074364422190888
2022-09-01,58.6,3.5,8.514860545527636,8.192106896425821,-1.5208235154811571,-1.0613455689564046,1.325070005182975,2.9336590016258435,1.1902574347832402,1.0194109783040086,0.1708464564792315,-0.7176034577036026,-1.0613455689564046,2.367666472053784,2.949511472877758
2022-10-01,59.9,3.6,7.886457426572524,7.758813957693,-1.4241396196375629,-1.0140495329922994,1.1216047936212472,2.708248777948518,1.419217829316804,0.9133138044881872,0.5059040248286167,-0.8365990218187964,-1.1086416049205097,2.5648753767525236,2.9336590016258435
2022-11-01,56.7,3.6,7.852722525752598,7.122856456533988,-1.662130747867949,-1.0140495329922994,1.110682061818526,2.3774071930273286,1.43883051698071,0.6732722762134464,0.7655582407672636,-1.1340879321067794,-1.0140495329922994,2.453460450682182,2.708248777948518
2022-12-01,59.8,3.5,7.819378881783057,6.404600402357152,-1.4315768423947626,-1.0613455689564046,1.0998860116878677,2.003751766508996,1.5967196788825873,0.6338524648451976,0.9628672140373896,-1.3200185010367689,-1.0140495329922994,2.344006380382265,2.3774071930273286
2023-01-01,64.9,3.5,7.78641972722196,6.327178517960097,-1.0522784817775834,-1.0613455689564046,1.0892144520577691,1.963474894399106,0.8708461105304673,0.7842103859490165,0.0866357245814508,-0.6952917894320041,-1.0613455689564046,2.236461852049968,2.003751766508996
2023-02-01,66.9,3.6,7.334747684535059,5.957820738137087,-0.903534026633592,-1.0140495329922994,0.9429714673402276,1.7713253984706636,1.1185774672086402,0.8705890245453203,0.2479884426633198,-0.0036300730124437,-0.9667534970281944,2.1335185707935547,1.963474894399106
2023-03-01,62.0,3.5,6.890245611148682,4.917719362889961,-1.2679579417363716,-1.0613455689564046,0.7990499849778109,1.2302376892474207,1.44100629913643,1.1410999293943689,0.2999063697420612,-0.1598117509136344,-0.9667534970281944,2.0327818855572692,1.7713253984706636
2023-04-01,63.7,3.4,6.452744124307475,4.950079879124369,-1.1415251548639789,-1.1086416049205097,0.6573951619929567,1.2470724690249184,1.4254056958326895,1.5616662111202049,-0.1362605152875151,0.026118818016355,-0.8721614250999844,1.9341816008667103,1.2302376892474207
2023-05-01,59.0,3.6,6.502869987079496,4.131851231385042,-1.491074624452359,-1.0140495329922994,0.6736249816198576,0.8214087066624165,1.260784471365809,1.6627745540565455,-0.4019900826907367,-0.1375000826420359,-0.9667534970281944,1.8705042182260712,1.2470724690249184
2023-06-01,64.2,3.6,6.552389477665055,3.070617072997095,-1.1043390410779808,-1.0140495329922994,0.6896584692403088,0.2693271755951625,1.0259682343856862,1.7076161575992337,-0.6816479232135475,-0.7399151259752021,-0.9194574610640894,1.807819528060056,0.8214087066624165
2023-07-01,71.5,3.5,6.601313532832864,3.287749268428297,-0.5614217798024119,-1.0613455689564046,0.7054991659760725,0.3822849747294707,1.2057634582346248,1.4927920751807138,-0.2870286169460889,-0.8068501307899977,-0.9667534970281944,1.7461044966825996,0.2693271755951625
2023-08-01,69.4,3.7,6.459076469829572,3.722504803505289,-0.7176034577036026,-0.9667534970281944,0.6594454573884949,0.6084560789557695,1.2135596130980195,1.5869935656265883,-0.3734339525285686,-0.9407201404195898,-0.8721614250999844,1.5331828774303051,0.3822849747294707
2023-09-01,67.8,3.7,6.318385796861636,3.687206638119256,-0.8365990218187964,-0.9667534970281944,0.6138924410575438,0.5900930579050823,1.3908246706712322,1.6936907664176082,-0.302866095746376,-0.8291617990615963,-0.8721614250999844,1.325070005182975,0.6084560789557695
2023-10-01,63.8,3.9,6.179216431929557,3.2512659098611785,-1.1340879321067794,-0.8721614250999844,0.568831995899506,0.3633053854493757,1.6152118343950796,1.5186732646734948,0.0965385697215848,-0.6655428984032065,-0.8721614250999844,1.1216047936212472,0.5900930579050823
2023-11-01,61.3,3.7,5.943885837041996,3.133346274591186,-1.3200185010367689,-0.9667534970281944,0.4926363376803664,0.3019605330733078,1.405953039521662,1.396187812884636,0.009765226637026,-0.6357940073744077,-0.8721614250999844,1.110682061818526,0.3633053854493757
2023-12-01,69.7,3.8,5.711139892608452,3.3159099427102934,-0.6952917894320041,-0.9194574610640894,0.4172775410801101,0.396934887805306,1.616953798389822,1.3185248910620977,0.2984289073277244,-0.5391101115308135,-0.7775693531717743,1.0998860116878677,0.3019605330733078
2024-01-01,79.0,3.7,5.48093625012378,3.0883429864855705,-0.0036300730124437,-0.9667534970281944,0.342741894442478,0.2785486554928212,1.202152205167216,1.6425717517253275,-0.4404195465581115,-0.3754912108724225,-0.7302733172076691,1.0892144520577691,0.396934887805306
2024-02-01,76.9,3.9,5.612805884415217,3.157074141648697,-0.1598117509136344,-0.8721614250999844,0.3854388229432283,0.3143043848712649,1.0802956241382993,1.5816313974862874,-0.5013357733479882,-0.5465473342880126,-0.7302733172076691,0.9429714673402276,0.2785486554928212
2024-03-01,79.4,3.9,5.743670235099163,3.4868349120836584,0.026118818016355,-0.8721614250999844,0.427810259358233,0.4858544896136515,0.8797325100840627,1.7101742165238385,-0.8304417064397758,-1.0671529272919829,-0.7775693531717743,0.7990499849778109,0.3143043848712649
2024-04-01,77.2,3.9,5.873540753914219,3.360795126219674,-0.1375000826420359,-0.8721614250999844,0.4698599115469011,0.4202853243119252,1.0652681986861297,1.6885407006498625,-0.6232725019637329,-1.6398190795963503,-0.7775693531717743,0.6573951619929567,0.4858544896136515
2024-05-01,69.1,3.9,5.6183297913816155,3.244278584003113,-0.7399151259752021,-0.8721614250999844,0.3872273610100577,0.3596703973298391,1.1680223685530822,1.7534832478960414,-0.5854608793429592,-1.99680577194193,-0.7302733172076691,0.6736249816198576,0.4202853243119252
2024-06-01,68.2,4.1,5.366441894237561,2.9702579486470926,-0.8068501307899977,-0.7775693531717743,0.3056707570780607,0.2171177564111036,0.9001334606850291,1.5475554104502671,-0.647421949765238,-1.99680577194193,-0.7775693531717743,0.6896584692403088,0.3596703973298391
2024-07-01,66.4,4.2,5.11781257856232,2.941475793558302,-0.9407201404195898,-0.7302733172076691,0.2251692210601846,0.2021445329021914,1.2949385579172128,1.554962055231511,-0.2600234973142985,-1.3646418375799658,-0.8248653891358793,0.7054991659760725,0.2171177564111036
2024-08-01,67.9,4.2,5.053651332423059,2.607144490692037,-0.8291617990615963,-0.7302733172076691,0.2043950060284461,0.0282167186575974,1.1896082555728815,1.674602367945393,-0.4849941123725112,-1.2902696100079702,-0.7302733172076691,0.6594454573884949,0.2021445329021914
2024-09-01,70.1,4.1,4.9900187567067045,2.4264830315416708,-0.6655428984032065,-0.7775693531717743,0.183791964621087,-0.0657680576372844,1.7547850143040098,1.9078266803917692,-0.1530416660877593,-1.550572406509955,-0.7302733172076691,0.6138924410575438,0.0282167186575974
2024-10-01,70.5,4.1,4.926908344081604,2.578844053871343,-0.6357940073744077,-0.7775693531717743,0.1633579898854664,0.0134940974845525,1.8286099044495496,1.705173680031871,0.1234362244176783,-1.7811263119831422,-0.7302733172076691,0.568831995899506,-0.0657680576372844
2024-11-01,71.8,4.2,4.83285150396624,2.719472461284833,-0.5391101115308135,-0.7302733172076691,0.1329041390122864,0.0866526420552668,1.1946117165821817,1.6635610665039984,-0.4689493499218167,-1.892684653341136,-0.6829772812435642,0.4926363376803664,0.0134940974845525
2024-12-01,74.0,4.1,4.739415797412705,2.870690967509981,-0.3754912108724225,-0.7775693531717743,0.1026513996036322,0.1653204306697037,1.6516597389061112,1.420938410245201,0.2307213286609102,-2.086052445028325,-0.7775693531717743,0.4172775410801101,0.0866526420552668
2025-01-01,71.7,4.0,4.646595091897399,2.9909783078999608,-0.5465473342880126,-0.8248653891358793,0.0725977860627203,0.2278970246528682,0.9127744627715928,1.4158401088889756,-0.5030656461173827,-1.9447452126415332,-0.6829772812435642,0.342741894442478,0.1653204306697037
2025-02-01,64.7,4.2,4.628504164221159,2.8015834477613355,-1.0671529272919829,-0.7302733172076691,0.0667402810377382,0.1293689066732951,0.9384050139721156,1.5400156547735455,-0.6016106408014299,,-0.6829772812435642,0.3854388229432283,0.2278970246528682
2025-03-01,57.0,4.2,4.610595755978686,2.381981462805549,-1.6398190795963503,-0.7302733172076691,0.0609418724018179,-0.0889189277902515,0.89887737148476,1.8926375899118797,-0.9937602184271196,,-0.6356812452794589,0.427810259358233,0.1293689066732951
2025-04-01,52.2,4.2,4.592867118874899,2.32538823025783,-1.99680577194193,-0.7302733172076691,0.0552016703082623,-0.1183601950412519,0.9134310047646782,1.8129818460739728,-0.8995508413092946,,-0.6356812452794589,0.4698599115469011,-0.0889189277902515
2025-05-01,52.2,4.3,4.855869806798063,2.3772651073680873,-1.99680577194193,-0.6829772812435642,0.1403570362277812,-0.091372498202013,0.9249047823437048,1.8157663222449536,-0.8908615399012487,,-0.588385209315354,0.3872273610100577,-0.1183601950412519
2025-06-01,60.7,4.1,5.116697250636526,2.680453865910226,-1.3646418375799658,-0.7775693531717743,0.2248080986762607,0.0663541568394979,0.8832181608683914,1.8232527200368296,-0.940034559168438,,-0.6356812452794589,0.3056707570780607,-0.091372498202013
2025-07-01,61.7,4.3,5.375376325780867,2.742618052167134,-1.2902696100079702,-0.6829772812435642,0.3085635594040027,0.0986935786862244,1.321381331687316,2.1847309873382073,-0.8633496556508913,,,0.2251692210601846,0.0663541568394979
2025-08-01,58.2,4.3,5.368767579782707,2.9385917430316155,-1.550572406509955,-0.6829772812435642,0.3064237706885851,0.2006441750237128,0.927828344516788,2.1313498122939096,-1.2035214677771218,,,0.2043950060284461,0.0986935786862244
2025-09-01,55.1,4.4,5.362205310090085,3.0225715847133294,-1.7811263119831422,-0.6356812452794589,0.3042990301342182,0.2443326665860786,1.2712258020851923,2.083736401794117,-0.8125105997089246,,,0.183791964621087,0.2006441750237128
2025-10-01,53.6,4.4,5.3556890281507785,2.729136238202212,-1.892684653341136,-0.6356812452794589,0.3021891795568033,0.0916799894265043,1.5172993600165607,2.173187634445388,-0.6558882744288275,,,0.1633579898854664,0.2443326665860786
2025-11-01,51.0,4.5,5.100874848177073,2.6964439164939513,-2.086052445028325,-0.588385209315354,0.2196850998133963,0.0746725958365197,1.3895880395385538,2.6764968068884434,-1.2869087673498896,,,0.1329041390122864,0.0916799894265043
2025-12-01,52.9,4.4,4.847290285795247,2.653304114557753,-1.9447452126415332,-0.6356812452794589,0.1375791473165377,0.0522301520887111,1.5573570509901833,3.3568261343933763,-1.799469083403193,,,0.1026513996036322,0.0746725958365197
